,City,Lat,Lng,Max Temp,Humidity,Cloudiness,Wind Speed,Date
0,lagoa,39.05,-27.9833,69.8,91,90,7.43,1627439623
1,ushuaia,-54.8,-68.3,38.86,93,90,4.61,1627439427
2,bhimunipatnam,17.8833,83.4333,83.71,63,100,10.0,1627439830
3,vaini,-21.2,-175.2,69.96,83,75,8.05,1627439618
4,saint george,37.1041,-113.5841,93.63,28,1,3.0,1627439830
5,avarua,-21.2078,-159.775,77.05,65,21,6.91,1627439660
6,puerto ayora,-0.7393,-90.3518,71.38,84,20,8.84,1627439632
7,rikitea,-23.1203,-134.9692,74.21,79,100,15.3,1627439614
8,zabol,32.25,67.25,83.32,22,100,7.25,1627439831
9,severo-kurilsk,50.6789,156.125,59.94,88,100,6.98,1627439704
10,khanpur,28.6453,70.6567,87.37,63,100,16.53,1627439832
11,hithadhoo,-0.6,73.0833,80.74,78,61,9.01,1627439616
12,terrak,65.087,12.3715,67.87,60,93,7.43,1627439833
13,pevek,69.7008,170.3133,38.44,86,97,9.69,1627439614
14,carnarvon,-24.8667,113.6333,66.27,54,90,8.05,1627439611
15,punta arenas,-53.15,-70.9167,44.71,81,75,20.71,1627439448
16,oskemen,49.9565,82.6119,60.76,67,0,2.24,1627439833
17,coahuayana,18.7333,-103.6833,78.55,92,100,1.48,1627439603
18,airai,-8.9266,125.4092,76.06,34,89,4.88,1627439653
19,sola,-13.8833,167.55,78.91,80,39,21.79,1627439834
20,port macquarie,-31.4333,152.9167,76.89,39,2,9.75,1627439834
21,vao,-22.6667,167.4833,68.31,62,32,15.64,1627439834
22,teluknaga,-6.0989,106.6381,90.18,58,60,5.01,1627439835
23,nome,64.5011,-165.4064,50.16,93,90,12.66,1627439835
24,hilo,19.7297,-155.09,80.33,83,90,11.5,1627439465
25,chatrapur,19.35,84.9833,85.03,68,100,8.16,1627439835
26,birjand,32.8663,59.2211,73.87,16,0,9.22,1627439774
27,nantucket,41.2835,-70.0995,73.54,85,18,13.67,1627439656
28,honiara,-9.4333,159.95,84.33,73,94,8.84,1627439836
29,kahului,20.8947,-156.47,85.26,76,40,23.02,1627439407
30,nikolskoye,59.7035,30.7861,67.8,68,100,4.79,1627439611
31,varnavino,57.4035,45.0916,55.27,65,11,1.77,1627439836
32,mar del plata,-38.0023,-57.5575,46.13,64,90,10.0,1627439503
33,forestville,38.8451,-76.875,80.67,79,1,4.61,1627439837
34,port elizabeth,-33.918,25.5701,57.49,82,0,16.11,1627439596
35,tacuarembo,-31.7333,-55.9833,37.31,69,4,8.72,1627439727
36,reinosa,42.9996,-4.138,54.36,97,46,3.69,1627439837
37,busselton,-33.65,115.3333,58.05,68,46,19.93,1627439609
38,bambous virieux,-20.3428,57.7575,68.22,94,75,16.11,1627439652
39,puerto maldonado,-12.6,-69.1833,69.78,91,43,2.77,1627439838
40,tuktoyaktuk,69.4541,-133.0374,53.6,71,75,5.75,1627439629
41,nalvo,16.8096,120.5108,79.03,88,100,6.04,1627439838
42,khatanga,71.9667,102.5,85.77,39,8,18.66,1627439597
43,kruisfontein,-34.0033,24.7314,52.88,86,26,12.77,1627439671
44,cape town,-33.9258,18.4232,52.21,87,20,1.01,1627439484
45,yellowknife,62.456,-114.3525,61.32,48,75,9.22,1627439406
46,richards bay,-28.783,32.0377,58.82,70,0,12.5,1627439839
47,tazovskiy,67.4667,78.7,46.47,78,97,6.62,1627439839
48,colmar,48.0833,7.3667,65.82,90,0,2.3,1627439839
49,bredasdorp,-34.5322,20.0403,52.92,66,100,8.05,1627439635
50,jamestown,42.097,-79.2353,69.12,82,1,3.8,1627439576
51,albany,42.6001,-73.9662,67.75,93,100,2.04,1627439353
52,lavrentiya,65.5833,-171.0,44.1,99,100,10.11,1627439651
53,torbay,47.6666,-52.7314,66.97,95,90,10.36,1627439607
54,mataura,-46.1927,168.8643,51.48,79,79,1.45,1627439620
55,milkovo,54.7167,158.6167,76.44,45,42,8.48,1627439590
56,butaritari,3.0707,172.7902,81.66,72,100,4.5,1627439840
57,hermanus,-34.4187,19.2345,51.91,66,99,12.21,1627439608
58,aksu,41.1231,80.2644,92.82,21,91,9.26,1627439841
59,atuona,-9.8,-139.0333,77.83,71,1,17.92,1627439608
60,hervey bay,-25.2986,152.8535,75.31,70,99,12.15,1627439633
61,beringovskiy,63.05,179.3167,48.49,87,100,19.35,1627439614
62,cherskiy,68.75,161.3,38.23,75,100,18.63,1627439627
63,saint-philippe,-21.3585,55.7679,65.79,88,89,12.86,1627439637
64,kodiak,57.79,-152.4072,62.11,55,90,4.61,1627439650
65,ilulissat,69.2167,-51.1,53.62,62,100,4.61,1627439634
66,consuegra,39.4625,-3.608,76.08,40,0,2.64,1627439841
67,barrow,71.2906,-156.7887,42.82,91,90,19.57,1627439584
68,kintinku,-5.8833,35.2333,59.31,57,5,2.59,1627439842
69,ribeira grande,38.5167,-28.7,72.01,85,55,8.61,1627439842
70,acaponeta,22.4964,-105.3594,79.21,91,85,0.27,1627439842
71,mahebourg,-20.4081,57.7,68.25,94,75,16.11,1627439598
72,lompoc,34.6391,-120.4579,73.54,81,90,12.66,1627439667
73,masuda,34.6667,131.85,84.47,74,20,6.91,1627439843
74,praia,14.9215,-23.5087,77.54,78,75,9.22,1627439767
75,komsomolskiy,40.4272,71.7189,83.12,34,2,2.3,1627439844
76,port augusta,-32.5,137.7667,62.74,41,15,19.44,1627439699
77,mitsamiouli,-11.3847,43.2844,75.42,68,2,8.03,1627439575
78,espanola,35.9911,-106.0806,76.86,62,79,6.04,1627439844
79,yatou,37.15,122.3833,85.46,59,100,7.92,1627439845
80,marawi,7.9986,124.2928,84.65,53,90,7.49,1627439845
81,lucea,18.451,-78.1736,80.46,80,100,4.61,1627439845
82,sakakah,29.9697,40.2064,83.77,27,0,5.86,1627439845
83,luderitz,-26.6481,15.1594,54.54,72,0,9.17,1627439616
84,new norfolk,-42.7826,147.0587,57.92,47,53,12.26,1627439622
85,kitami,43.8031,143.8908,92.66,44,6,10.96,1627439740
86,pechory,57.8164,27.6119,63.86,98,100,7.29,1627439846
87,trincomalee,8.5711,81.2335,83.39,73,100,20.33,1627439846
88,bairiki,1.3292,172.9752,86.0,70,75,6.91,1627439848
89,bluff,-46.6,168.3333,51.8,70,32,6.6,1627439615
90,borba,-4.3878,-59.5939,78.04,56,69,0.81,1627439848
91,kaitangata,-46.2817,169.8464,54.93,49,68,1.03,1627439629
92,sioux lookout,50.1001,-91.917,73.78,68,90,0.0,1627439610
93,jalu,29.0331,21.5482,79.41,44,0,5.44,1627439649
94,abbeyfeale,52.3814,-9.3025,56.59,96,55,5.91,1627439849
95,sheltozero,61.3667,35.3667,60.55,72,10,7.34,1627439849
96,hobart,-42.8794,147.3294,58.26,58,40,7.0,1627439606
97,namatanai,-3.6667,152.4333,84.83,67,25,4.99,1627439666
98,waingapu,-9.6567,120.2641,86.47,55,24,15.08,1627439850
99,saint-georges,12.0564,-61.7485,80.28,83,40,11.5,1627439673
100,tiznit,29.5833,-9.5,69.24,68,2,1.12,1627439672
101,viedma,-40.8135,-62.9967,43.45,71,88,16.62,1627439850
102,dikson,73.5069,80.5464,37.31,99,100,12.08,1627439612
103,mecca,21.4267,39.8261,80.37,81,99,4.34,1627439498
104,praia da vitoria,38.7333,-27.0667,72.75,94,75,7.16,1627439850
105,salym,60.0625,71.4789,55.65,73,24,7.27,1627439851
106,tigre,-34.426,-58.5796,47.25,64,20,16.11,1627439851
107,plaza de caisan,8.7333,-82.8167,70.95,98,100,0.4,1627439851
108,kapaa,22.0752,-159.319,85.98,75,75,3.0,1627439588
109,chimbote,-9.0853,-78.5783,65.26,87,80,9.19,1627439852
110,tuma,55.148,40.5537,64.29,71,10,1.83,1627439852
111,katsuura,35.1333,140.3,86.04,76,100,19.1,1627439696
112,sept-iles,50.2001,-66.3821,61.05,72,75,7.0,1627439697
113,saint-francois,46.4154,3.9054,63.48,99,90,3.44,1627439664
114,nicoya,10.1483,-85.452,74.75,92,100,2.71,1627439853
115,kokopo,-4.352,152.2633,83.57,69,90,4.54,1627439854
116,timizart,36.8,4.2667,76.57,49,0,5.61,1627439854
117,tateyama,34.9833,139.8667,86.99,77,100,20.29,1627439854
118,esperance,-33.8667,121.9,55.24,52,3,18.57,1627439748
119,matay,28.419,30.7792,76.87,55,0,12.84,1627439855
120,tahoua,14.8888,5.2692,77.45,77,100,10.56,1627439855
121,evensk,61.95,159.2333,61.07,46,76,18.01,1627439615
122,pundaguitan,6.3711,126.1689,84.67,75,48,15.77,1627439856
123,narsaq,60.9167,-46.05,46.62,73,100,3.94,1627439857
124,tabora,-5.0167,32.8,57.06,56,26,4.9,1627439857
125,muros,42.7762,-9.0603,64.99,83,17,8.48,1627439851
126,los llanos de aridane,28.6585,-17.9182,69.55,83,90,13.8,1627439646
127,chokurdakh,70.6333,147.9167,50.61,44,55,13.98,1627439591
128,saskylakh,71.9167,114.0833,66.76,38,16,19.46,1627439640
129,machaneng,-23.1862,27.4886,47.25,62,0,3.74,1627439858
130,sillod,20.3,75.65,75.15,79,100,15.57,1627439858
131,half moon bay,37.4636,-122.4286,82.58,69,20,8.05,1627439857
132,hailar,49.2,119.7,75.07,55,74,11.16,1627439858
133,adre,13.4667,22.2,71.55,87,100,3.67,1627439858
134,bereda,43.2686,-7.5406,61.92,100,93,3.65,1627439859
135,arraial do cabo,-22.9661,-42.0278,70.21,84,0,19.93,1627439622
136,isangel,-19.55,169.2667,74.55,57,2,14.52,1627439859
137,tiksi,71.6872,128.8694,41.74,80,15,14.43,1627439638
138,castro,-24.7911,-50.0119,46.02,91,100,7.02,1627439644
139,kabala,9.5833,-11.55,70.27,99,100,3.71,1627439860
140,cockburn town,21.4612,-71.1419,81.61,78,16,18.81,1627439639
141,mocuba,-16.8392,36.9856,59.83,96,99,2.8,1627439860
142,gwadar,25.1216,62.3254,82.06,87,86,9.31,1627439860
143,kashi,39.4547,75.9797,87.01,28,40,11.18,1627439861
144,miranda,3.2499,-76.2281,66.33,86,8,5.7,1627439861
145,nanortalik,60.1432,-45.2371,43.97,84,100,3.96,1627439861
146,zeya,53.75,127.2667,70.32,93,90,3.78,1627439587
147,esmeraldas,-19.7625,-44.3139,63.46,42,8,2.75,1627439862
148,dingle,10.9995,122.6711,87.33,65,76,17.45,1627439862
149,lata,40.1629,-8.3327,61.92,98,25,1.41,1627439362
150,codrington,-38.2667,141.9667,50.61,81,94,23.96,1627439858
151,lalin,42.7167,-8.1167,59.32,97,68,3.62,1627439863
152,yulara,-25.2406,130.9889,71.44,35,40,6.91,1627439863
153,chumikan,54.7183,135.315,78.4,50,63,1.61,1627439602
154,balkanabat,39.5108,54.3671,94.03,17,0,6.58,1627439863
155,buraydah,26.326,43.975,91.85,18,20,9.93,1627439661
156,clyde river,70.4692,-68.5914,43.03,87,90,6.91,1627439615
157,haysville,37.5645,-97.3523,88.27,65,1,8.05,1627439864
158,martapura,-3.4167,114.85,84.29,74,0,6.91,1627439719
159,bathsheba,13.2167,-59.5167,81.21,78,40,16.11,1627439651
160,namibe,-15.1961,12.1522,64.45,83,0,5.68,1627439673
161,petropavlovsk-kamchatskiy,53.0452,158.6483,79.39,44,20,11.18,1627439864
162,miri,4.4148,114.0089,86.14,79,40,6.91,1627439865
163,bar harbor,44.3876,-68.2039,66.02,81,90,5.99,1627439865
164,hasaki,35.7333,140.8333,88.29,79,100,21.63,1627439666
165,canon city,38.441,-105.2424,87.15,34,1,1.99,1627439865
166,srednekolymsk,67.45,153.6833,37.26,97,100,9.13,1627439645
167,matai,-8.3,31.5167,46.58,75,8,5.17,1627439866
168,miandrivazo,-19.5167,45.4667,61.5,42,0,5.32,1627439866
169,papillion,41.1544,-96.0422,87.93,75,1,1.99,1627439769
170,comodoro rivadavia,-45.8667,-67.5,37.26,75,0,2.3,1627439621
171,norman wells,65.282,-126.8329,66.24,59,75,12.66,1627439630
172,chuy,-33.6971,-53.4616,43.18,73,49,16.15,1627439814
173,faanui,-16.4833,-151.75,77.81,75,63,8.3,1627439626
174,hashtrud,37.4779,47.0508,67.55,55,78,8.55,1627439867
175,shimoda,34.6667,138.95,86.36,71,94,11.95,1627439867
176,lebu,-37.6167,-73.65,45.07,81,0,19.69,1627439626
177,beruwala,6.4788,79.9828,81.5,85,92,11.3,1627439868
178,boa vista,2.8197,-60.6733,78.78,89,90,4.61,1627439868
179,kendari,-3.945,122.4989,84.38,68,73,3.89,1627439868
180,russell,32.3502,-85.1999,76.51,88,20,0.0,1627439869
181,biak,-0.9131,122.8766,82.89,68,77,6.87,1627439659
182,port lincoln,-34.7333,135.8667,56.62,56,19,24.0,1627439405
183,tasiilaq,65.6145,-37.6368,37.56,79,22,7.31,1627439594
184,havelock,34.8791,-76.9013,82.94,91,69,5.79,1627439811
185,chernaya kholunitsa,58.8511,51.7154,50.77,72,44,8.72,1627439869
186,longyearbyen,78.2186,15.6401,42.64,93,75,10.36,1627439626
187,lorengau,-2.0226,147.2712,84.58,72,5,6.29,1627439869
188,port alfred,-33.5906,26.891,60.28,83,11,14.32,1627439642
189,palmer,42.1584,-72.3287,67.48,85,75,0.0,1627439623
190,barreirinhas,-2.7469,-42.8264,75.36,91,23,5.26,1627439870
191,elat,29.5581,34.9482,87.64,30,0,13.8,1627439870
192,mount gambier,-37.8333,140.7667,46.31,87,75,29.93,1627439819
193,dunda,-8.1167,34.25,51.62,64,2,3.42,1627439871
194,bluffton,32.2371,-80.8604,80.94,92,90,5.75,1627439739
195,cabo san lucas,22.8909,-109.9124,90.7,69,1,8.01,1627439400
196,matale,7.4721,80.6234,78.33,77,100,6.6,1627439871
197,champerico,14.3,-91.9167,83.35,76,12,2.39,1627439872
198,awjilah,29.1081,21.2869,78.89,47,0,5.68,1627439667
199,suez,29.9737,32.5263,74.5,72,0,8.41,1627439872
200,mandla,22.6,80.3833,73.02,96,100,7.2,1627439872
201,alofi,-19.0595,-169.9187,73.29,94,75,6.91,1627439873
202,dengzhou,37.8086,120.7508,84.07,65,100,9.91,1627439873
203,port hedland,-20.3167,118.5667,78.85,61,26,4.61,1627439620
204,henties bay,-22.116,14.2845,55.85,82,0,5.37,1627439668
205,san patricio,28.017,-97.5169,84.88,68,20,7.65,1627439653
206,ancud,-41.8697,-73.8203,42.33,86,71,3.51,1627439613
207,rocha,-34.4833,-54.3333,45.34,80,99,16.75,1627439669
208,maceio,-9.6658,-35.7353,72.84,100,20,3.44,1627439566
209,gigmoto,13.7796,124.39,87.01,70,100,16.91,1627439874
210,clovis,36.8252,-119.7029,102.09,26,20,1.99,1627439874
211,kachiry,53.0675,76.1036,65.1,46,59,5.48,1627439874
212,blagoyevo,63.3667,47.9167,47.19,74,78,7.4,1627439875
213,cidreira,-30.1811,-50.2056,46.4,59,4,17.81,1627439661
214,santa maria,-29.6842,-53.8069,43.9,53,0,10.36,1627439876
215,flinders,-34.5833,150.8552,76.05,43,65,1.99,1627439876
216,souillac,-20.5167,57.5167,68.36,94,75,16.11,1627439627
217,pisco,-13.7,-76.2167,62.65,82,0,14.97,1627439719
218,tartagal,-22.5164,-63.8013,47.17,52,6,3.42,1627439876
219,kapit,2.0167,112.9333,90.77,57,26,1.5,1627439877
220,bodden town,19.2833,-81.25,77.0,88,90,4.61,1627439877
221,aklavik,68.2191,-135.0107,63.43,66,99,5.53,1627439879
222,marfino,55.7028,37.3822,62.85,77,0,4.47,1627439879
223,vega de alatorre,20.0333,-96.6333,79.59,82,83,4.9,1627439879
224,port-cartier,50.0334,-66.8654,60.75,71,100,12.75,1627439879
225,leh,34.1667,77.5833,65.93,49,99,1.92,1627439880
226,borgo san dalmazzo,44.333,7.4858,68.7,90,100,3.94,1627439880
227,carlsbad,33.1581,-117.3506,88.27,83,40,1.99,1627439405
228,saint-joseph,-21.3667,55.6167,64.78,85,59,14.09,1627439881
229,barzas,55.7167,86.3167,64.63,70,100,2.1,1627439881
230,angoche,-16.2325,39.9086,66.15,85,19,6.17,1627439881
231,ampanihy,-24.7,44.75,60.49,80,0,11.9,1627439881
232,jiuquan,39.7432,98.5174,86.41,15,39,3.94,1627439637
233,nkoteng,4.5167,12.0333,66.99,93,100,5.21,1627439882
234,chicama,-7.8447,-79.1469,66.81,85,84,6.69,1627439882
235,emba,48.8264,58.1442,72.09,32,100,12.19,1627439732
236,fortuna,40.5982,-124.1573,77.47,92,90,4.61,1627439637
237,constitucion,-35.3333,-72.4167,44.65,78,0,7.23,1627439883
238,nelson bay,-32.7167,152.15,76.1,47,84,1.01,1627439714
239,ahipara,-35.1667,173.1667,59.94,78,64,8.28,1627439641
240,baykit,61.67,96.37,71.94,73,100,4.88,1627439883
241,igrim,63.1906,64.4162,47.62,74,71,7.58,1627439883
242,anadyr,64.75,177.4833,48.7,100,75,21.99,1627439884
243,vila franca do campo,37.7167,-25.4333,68.41,89,11,7.43,1627439884
244,bilibino,68.0546,166.4372,43.27,78,100,1.07,1627439884
245,taltal,-25.4,-70.4833,55.8,77,3,2.68,1627439885
246,westport,41.1415,-73.3579,78.94,80,90,1.01,1627439659
247,huntington,38.4193,-82.4452,75.45,90,0,2.71,1627439851
248,avera,33.194,-82.5271,82.27,67,89,3.78,1627439745
249,villa rica,33.7321,-84.9191,76.68,95,100,0.85,1627439662
250,fraga,41.5229,0.3489,74.3,72,70,4.92,1627439885
251,tabou,4.423,-7.3528,76.32,75,100,7.45,1627439660
252,pangai,-19.8,-174.35,75.31,78,75,9.22,1627439654
253,amahai,-3.3333,128.9167,82.49,78,81,5.19,1627439886
254,linguere,15.3953,-15.1193,77.58,74,80,11.9,1627439886
255,hamilton,39.1834,-84.5333,77.88,80,1,0.0,1627439363
256,arlit,18.7369,7.3853,83.3,54,61,6.02,1627439887
257,plettenberg bay,-34.0527,23.3716,55.78,83,100,10.13,1627439887
258,tuatapere,-46.1333,167.6833,51.82,65,54,0.92,1627439611
259,belmonte,-15.8631,-38.8828,72.1,86,5,7.65,1627439887
260,meulaboh,4.1363,96.1285,82.92,73,53,1.1,1627439651
261,rorvik,64.8621,11.2373,62.47,67,100,9.42,1627439888
262,klaksvik,62.2266,-6.589,50.92,96,99,4.61,1627439888
263,leningradskiy,69.3833,178.4167,33.73,98,100,9.98,1627439668
264,touros,-5.1989,-35.4608,74.3,89,13,10.78,1627439743
265,kyra,49.5776,111.9753,70.32,62,1,3.69,1627439888
266,predivinsk,57.0669,93.4378,64.42,57,100,7.2,1627439889
267,college,64.8569,-147.8028,61.12,88,90,4.61,1627439662
268,laguna,38.421,-121.4238,94.84,34,1,5.01,1627439649
269,shingu,33.7333,135.9833,86.99,55,99,2.64,1627439889
270,sur,22.5667,59.5289,98.01,39,100,23.82,1627439890
271,novyy nekouz,57.9029,38.07,59.9,87,10,3.62,1627439890
272,pedernales,18.0384,-71.744,81.18,78,75,2.55,1627439890
273,kolokani,13.5728,-8.0339,76.46,81,98,5.26,1627439890
274,evinayong,1.4368,10.5512,63.59,99,97,2.19,1627439891
275,cao bang,22.6667,106.25,79.27,91,99,1.48,1627439891
276,chaman,30.9236,66.4512,86.5,27,100,10.04,1627439891
277,kunhegyes,47.3667,20.6333,67.98,53,60,5.59,1627439891
278,bethel,41.3712,-73.414,76.12,85,90,0.0,1627439620
279,fershampenuaz,53.5202,59.8117,59.99,76,43,7.27,1627439892
280,abu kamal,34.4506,40.9171,86.41,30,0,18.25,1627439892
281,dicabisagan,17.0818,122.4157,89.94,62,100,5.41,1627439892
282,thompson,55.7435,-97.8558,68.16,60,75,4.61,1627439634
283,olafsvik,64.8945,-23.7142,50.97,89,97,14.14,1627439684
284,gashua,12.871,11.0482,74.52,82,100,11.63,1627439819
285,bluefield,37.2698,-81.2223,73.96,68,1,0.0,1627439851
286,caravelas,-17.7125,-39.2481,70.63,89,2,6.02,1627439643
287,vanimo,-2.6741,141.3028,84.04,78,37,6.64,1627439893
288,mogadishu,2.0371,45.3438,76.39,82,88,20.04,1627439780
289,moron,-34.6534,-58.6198,46.99,72,82,8.01,1627439894
290,villa carlos paz,-31.4241,-64.4978,43.39,48,92,1.99,1627439672
291,saint-pierre,-21.3393,55.4781,65.88,90,75,19.57,1627439631
292,beisfjord,68.3751,17.5988,57.25,73,2,0.6,1627439894
293,opuwo,-18.0607,13.84,53.64,35,0,6.38,1627439894
294,coquimbo,-29.9533,-71.3436,49.73,93,0,4.61,1627439595
295,cuamba,-14.8031,36.5372,53.47,96,23,2.89,1627439895
296,maloy,61.9353,5.1136,64.99,96,100,6.58,1627439895
297,zhuhai,22.2769,113.5678,93.7,70,20,9.22,1627439895
298,the valley,18.217,-63.0578,82.26,76,1,19.33,1627439826
299,sorong,-0.8833,131.25,87.26,63,100,1.74,1627439672
300,roald,62.5833,6.1333,67.15,94,90,1.14,1627439896
301,smolenka,52.1352,113.4974,66.27,77,40,2.24,1627439896
302,kon tum,14.35,108.0,79.34,81,99,7.7,1627439896
303,kysyl-syr,63.8986,122.7617,74.37,36,9,7.83,1627439897
304,djibo,14.1022,-1.6306,83.8,61,100,6.13,1627439723
305,west wendover,40.7391,-114.0733,90.61,25,1,10.36,1627439897
306,snasa,64.2457,12.3778,63.1,67,66,6.08,1627439897
307,teykovo,56.858,40.5369,60.89,81,8,2.68,1627439898
308,talas,38.6908,35.5538,57.87,82,0,1.14,1627439898
309,luba,3.4568,8.5547,76.06,83,84,4.14,1627439898
310,yaval,21.1667,75.7,78.35,81,100,9.46,1627439899
311,chavakkad,10.5333,76.05,77.07,82,99,0.98,1627439899
312,necochea,-38.5473,-58.7368,44.04,68,100,22.48,1627439735
313,ballina,-28.8667,153.5667,73.78,46,16,11.5,1627439900
314,laje,-10.1833,-40.9667,65.97,85,19,2.48,1627439900
315,jilin,43.0,126.0,88.7,53,85,5.73,1627439900
316,dvurechensk,56.5982,61.0953,52.18,60,15,8.55,1627439901
317,agadez,19.75,10.25,80.83,57,40,5.57,1627439901
318,darhan,49.4867,105.9228,70.07,65,66,5.44,1627439901
319,san cristobal,7.7669,-72.225,73.58,95,60,1.5,1627439647
320,scottsbluff,41.8666,-103.6672,88.92,34,1,1.99,1627439902
321,santander,43.4647,-3.8044,63.99,95,75,3.0,1627439902
322,benguela,-12.5763,13.4055,68.61,87,53,1.63,1627439902
323,saldanha,-33.0117,17.9442,53.65,65,100,5.46,1627439615
324,roma,43.2128,-75.4557,66.65,93,40,4.61,1627439903
325,rincon,32.296,-81.2354,83.12,93,90,3.44,1627439814
326,namwala,-15.7504,26.4384,48.96,61,1,5.03,1627439903
327,thai binh,20.45,106.3333,87.8,72,100,6.42,1627439678
328,upernavik,72.7868,-56.1549,49.1,75,98,8.81,1627439572
329,oranjemund,-28.55,16.4333,52.61,82,0,5.3,1627439824
330,salalah,17.0151,54.0924,77.09,100,90,9.22,1627439904
331,russkaya polyana,49.417,31.9201,68.38,58,46,8.1,1627439904
332,buchanan,5.8808,-10.0467,75.16,81,100,8.08,1627439904
333,pahrump,36.2083,-115.9839,97.11,21,27,4.74,1627439617
334,rawson,-43.3002,-65.1023,41.25,67,23,11.23,1627439610
335,ratnagiri,16.9833,73.3,80.89,82,88,16.11,1627439905
336,mabaruma,8.2,-59.7833,74.23,98,74,2.55,1627439905
337,peleduy,59.6289,112.7406,88.52,29,1,10.47,1627439905
338,qaqortoq,60.7167,-46.0333,46.9,79,100,3.2,1627439906
339,rosario oeste,-14.8361,-56.4275,70.32,62,32,10.89,1627439906
340,kargasok,59.0556,80.8572,65.8,56,85,8.16,1627439906
341,adrar,20.5022,-10.0711,85.05,36,100,12.01,1627439618
342,haines junction,60.7522,-137.5108,64.35,52,45,10.36,1627439907
343,aykhal,66.0,111.5,85.05,32,33,6.38,1627439646
344,labuhan,-6.8844,112.2051,84.78,58,5,4.05,1627439907
345,soe,-9.8607,124.284,82.63,34,60,10.11,1627439907
346,taitung,22.7583,121.1444,91.67,58,40,11.5,1627439908
347,husavik,66.0449,-17.3389,49.91,98,100,9.98,1627439619
348,victoria,22.2855,114.1577,94.96,76,99,5.99,1627439782
349,mezen,65.8522,44.24,44.04,86,96,4.18,1627439908
350,qaanaaq,77.484,-69.3632,42.28,91,98,5.75,1627439600
351,cody,44.5263,-109.0565,93.49,20,1,5.75,1627439909
352,grindavik,63.8424,-22.4338,50.56,93,0,14.97,1627439641
353,lasa,46.6166,10.7002,61.54,94,66,2.8,1627439617
354,kavieng,-2.5744,150.7967,84.09,73,13,7.09,1627439588
355,camacha,33.0833,-16.3333,67.42,78,75,12.66,1627439910
356,pacific grove,36.6177,-121.9166,76.15,84,20,1.99,1627439911
357,hammerfest,70.6634,23.6821,43.25,100,90,5.75,1627439911
358,sao joao da barra,-21.6403,-41.0511,69.67,80,1,13.44,1627439648
359,baracoa,20.3467,-74.4958,80.96,83,60,8.12,1627439911
360,karratha,-20.7377,116.8463,76.75,49,8,6.44,1627439912
361,mayo,38.8876,-76.5119,81.95,87,1,1.01,1627439912
362,east london,-33.0153,27.9116,63.9,80,0,12.73,1627439607
363,chipinge,-20.1883,32.6236,44.78,94,0,2.8,1627439912
364,umm kaddadah,13.6017,26.6876,78.75,69,100,5.14,1627439671
365,geraldton,-28.7667,114.6,66.13,82,90,9.22,1627439651
366,tailai,46.3833,123.4,81.63,56,89,5.68,1627439913
367,itoman,26.1247,127.6694,88.18,82,40,13.8,1627439913
368,la ronge,55.1001,-105.2842,64.65,68,40,10.36,1627439628
369,waddan,29.1614,16.139,74.64,58,0,2.37,1627439872
370,nouadhibou,20.931,-17.0347,69.78,83,16,17.27,1627439637
371,vardo,70.3705,31.1107,46.6,86,97,13.94,1627439907
372,bilma,18.6853,12.9164,86.54,48,98,7.18,1627439914
373,zavodskoy,43.4597,132.2922,87.39,55,20,2.24,1627439914
374,riyadh,24.6877,46.7219,95.14,16,35,16.46,1627439766
375,new waterford,40.8451,-80.6145,75.16,86,33,4.74,1627439914
376,huarmey,-10.0681,-78.1522,65.46,86,38,10.74,1627439915
377,canutama,-6.5339,-64.3831,77.45,52,3,2.59,1627439915
378,imbituba,-28.24,-48.6703,55.29,67,24,15.9,1627439653
379,bengkulu,-3.8004,102.2655,82.89,63,66,4.32,1627439652
380,nola,40.922,14.5329,81.09,33,19,2.06,1627439915
381,okahandja,-21.9833,16.9167,48.51,44,0,9.37,1627439916
382,provideniya,64.3833,-173.3,50.11,81,90,15.66,1627439574
383,palu,-0.8917,119.8707,91.24,52,73,1.3,1627439916
384,tautira,-17.7333,-149.15,80.01,70,78,8.19,1627439822
385,shache,38.4167,77.2406,91.22,19,71,11.25,1627439916
386,iqaluit,63.7506,-68.5145,44.33,75,40,8.99,1627439388
387,siraha,26.6541,86.2087,86.5,72,100,6.62,1627439917
388,dvinskoy,62.1535,45.1175,50.02,73,1,3.36,1627439917
389,qujing,25.4833,103.7833,73.13,67,41,2.48,1627439917
390,brigantine,39.4101,-74.3646,80.02,86,1,3.44,1627439918
391,portland,45.5234,-122.6762,86.38,42,40,1.01,1627439703
392,aswan,24.0934,32.907,87.1,26,0,11.5,1627439643
393,saint marys,30.7305,-81.5465,79.23,74,1,4.0,1627439669
394,superior,46.7208,-92.1041,71.02,84,1,3.44,1627439905
395,marzuq,14.4,46.4667,73.38,78,8,7.72,1627439918
396,mangrol,21.1167,70.1167,82.42,84,100,20.65,1627439919
397,ardakan,32.31,54.0175,82.78,14,0,11.32,1627439919
398,mehamn,71.0357,27.8492,47.3,84,97,4.12,1627439668
399,sabha,27.0377,14.4283,80.69,25,0,11.05,1627439705
400,kibre mengist,5.8833,38.9833,57.7,84,100,2.75,1627439919
401,morinville,53.8001,-113.652,73.81,51,1,3.44,1627439920
402,vieques,18.425,-65.8329,82.44,74,40,12.66,1627439920
403,daru,-9.0763,143.2092,77.0,91,99,12.15,1627439609
404,zalantun,48.0,122.7167,78.6,60,65,7.25,1627439920
405,amapa,1.0,-52.0,70.61,99,7,2.06,1627439921
406,ambositra,-20.5167,47.25,42.87,94,7,1.52,1627439921
407,cururupu,-1.8283,-44.8683,74.61,91,45,2.57,1627439921
408,hovd,48.0056,91.6419,74.91,30,0,3.65,1627439923
409,bud,39.447,-86.1758,77.92,84,0,0.47,1627439923
410,gramada,43.8344,22.6586,72.05,50,0,1.32,1627439923
411,mandalgovi,45.7625,106.2708,72.3,46,49,5.82,1627439648
412,terrace,54.5163,-128.6035,69.71,49,75,11.5,1627439924
413,georgetown,5.4112,100.3354,85.98,74,20,3.0,1627439593
414,lively,46.4334,-81.1498,67.01,81,83,4.45,1627439924
415,bubaque,11.2833,-15.8333,79.97,82,100,10.04,1627439924
416,santa isabel do rio negro,-0.4139,-65.0192,73.26,95,97,3.02,1627439925
417,kedrovyy,56.1667,91.8167,55.81,61,100,4.54,1627439925
418,guerrero negro,27.9769,-114.0611,70.16,82,0,16.24,1627439925
419,chingirlau,51.095,54.0814,69.44,41,18,7.29,1627439925
420,visby,57.6409,18.296,62.94,100,74,2.3,1627439926
421,borovoy,55.4333,86.0833,65.48,63,0,0.0,1627439897
422,trairi,-3.2778,-39.2689,76.91,86,9,9.37,1627439849
423,francisco sa,-16.4758,-43.4883,62.74,47,0,4.54,1627439926
424,boli,45.7667,130.5167,97.57,35,34,5.55,1627439926
425,nabire,-3.3667,135.4833,87.55,62,90,4.63,1627439927
426,nieuw nickerie,5.95,-56.9833,79.16,84,79,10.42,1627439927
427,sinnamary,5.3833,-52.95,77.49,87,6,7.2,1627439927
428,karaton,-6.3424,106.1045,82.33,50,58,1.41,1627439626
429,rio gallegos,-51.6226,-69.2181,41.05,87,0,13.8,1627439350
430,morondava,-20.2833,44.2833,64.35,61,0,12.46,1627439928
431,halvad,23.0167,71.1833,81.97,78,98,18.75,1627439928
432,boden,65.8252,21.6886,59.0,72,47,1.92,1627439928
433,hasanabad,36.5465,61.0543,73.62,33,0,0.0,1627439929
434,san matias,-16.3667,-58.4,60.8,64,15,10.36,1627439929
435,kavaratti,10.5669,72.642,81.59,78,100,19.73,1627439621
436,cacador,-26.7753,-51.015,34.57,85,37,6.82,1627439929
437,sao raimundo nonato,-9.0153,-42.6994,72.55,57,4,3.38,1627439930
438,gilgit,35.9221,74.3087,89.24,49,45,2.39,1627439930
439,asyut,27.181,31.1837,77.18,42,0,10.2,1627439930
440,sebinkarahisar,40.2883,38.4236,56.93,83,19,3.58,1627439931
441,pochutla,15.7432,-96.4661,79.83,91,96,3.69,1627439685
442,ponta do sol,32.6667,-17.1,70.72,78,3,3.98,1627439653
443,paamiut,61.994,-49.6678,44.28,82,71,14.05,1627439931
444,cayenne,4.9333,-52.3333,82.09,81,10,5.01,1627439403
445,emerald,-23.5333,148.1667,75.34,41,0,11.5,1627439886
446,alta floresta,-9.8756,-56.0861,72.03,44,3,3.29,1627439931
447,dalvik,65.9702,-18.5286,49.93,99,100,6.2,1627439932
448,homer,59.6425,-151.5483,68.07,71,75,14.97,1627439932
449,truro,50.2653,-5.0544,61.56,88,20,8.05,1627439666
450,dunedin,-45.8742,170.5036,52.81,54,40,5.99,1627439933
451,yerbogachen,61.2767,108.0108,84.6,37,3,10.74,1627439631
452,homa bay,-0.5273,34.4571,65.98,75,90,3.36,1627439933
453,solomenskoye,44.2167,44.3528,61.27,91,100,4.43,1627439933
454,paragominas,-2.9667,-47.4833,76.37,78,98,4.72,1627439934
455,egvekinot,66.3167,-179.1667,39.74,90,100,11.77,1627439934
456,port-gentil,-0.7193,8.7815,75.25,80,33,9.73,1627439934
457,matara,5.9485,80.5353,81.45,84,95,11.25,1627439686
458,yanaul,56.2719,54.9309,53.74,65,4,7.76,1627439934
459,sao felix do xingu,-6.6447,-51.995,71.42,50,0,1.57,1627439663
460,ocean city,39.2776,-74.5746,77.99,84,2,3.0,1627439888
461,neuquen,-38.9516,-68.0591,37.29,70,0,2.3,1627439935
462,ixtapa,20.7,-105.2,85.23,74,90,0.0,1627439661
463,agua verde,22.9,-106.05,83.03,81,60,8.01,1627439935
464,grand-santi,4.25,-54.3833,72.39,98,36,2.53,1627439936
465,ahuimanu,21.4447,-157.8378,83.91,65,75,13.8,1627439936
466,chanika,-5.4167,38.0167,56.98,98,18,2.28,1627439936
467,cristobal obregon,16.35,-93.5333,79.86,97,100,2.55,1627439937
468,makakilo city,21.3469,-158.0858,82.72,60,1,13.8,1627439937
469,asau,46.4333,26.4,72.39,71,12,6.04,1627439656
470,cabra,37.4725,-4.4421,75.9,53,0,3.06,1627439937
471,yacuiba,-22.038,-63.6797,46.26,53,6,4.05,1627439937
472,deming,32.2687,-107.7586,84.09,32,20,10.36,1627439938
473,arica,-18.475,-70.3042,59.23,82,90,5.75,1627439750
474,kushiro,42.975,144.3747,79.75,73,40,8.05,1627439938
475,tema,5.667,-0.0166,75.0,84,98,10.87,1627439939
476,kunming,25.0389,102.7183,66.13,88,90,6.71,1627439719
477,wanning,18.8003,110.3967,91.47,61,100,7.61,1627439939
478,toccoa,34.5773,-83.3324,80.73,89,1,0.0,1627439939
479,namtsy,62.7161,129.6658,73.51,30,10,10.69,1627439940
480,zhezkazgan,47.8043,67.7144,70.2,32,2,11.72,1627439940
481,prienai,54.6333,23.95,63.95,95,11,4.34,1627439940
482,bunia,1.5667,30.25,64.9,83,81,1.95,1627439940
483,port pirie,-33.1833,138.0167,62.69,56,14,17.47,1627439701
484,launceston,-41.45,147.1667,52.81,89,90,5.01,1627439941
485,yeppoon,-23.1333,150.7333,76.78,57,72,9.55,1627439609
486,mount pleasant,32.7941,-79.8626,83.98,91,20,1.01,1627439806
487,udachnyy,66.4167,112.4,85.46,39,54,8.03,1627439941
488,rongcheng,30.634,117.8517,80.83,89,100,6.44,1627439942
489,dahuk,36.8695,42.994,85.64,21,0,3.31,1627439709
490,naze,28.3667,129.4833,83.32,84,56,12.84,1627439942
491,beloha,-25.1667,45.05,62.01,77,0,11.7,1627439942
492,parfino,57.9731,31.6481,62.78,88,100,4.9,1627439943
493,buenos aires,-34.6132,-58.3772,46.98,68,85,4.0,1627439688
494,bucerias,20.75,-105.3333,85.98,74,90,0.0,1627439943
495,amudat,1.95,34.95,65.73,80,91,2.42,1627439943
496,hami,42.8,93.45,96.26,12,13,11.36,1627439944
497,albania,41.0,20.0,67.39,34,0,5.06,1627439944
498,malakal,9.5334,31.6605,69.69,97,100,3.42,1627439644
499,lakhimpur,27.95,80.7667,82.04,82,100,4.03,1627439945
500,victor harbor,-35.5667,138.6167,57.47,67,8,3.0,1627439945
501,simao,22.7886,100.9748,71.1,89,98,2.21,1627439945
502,agadir,30.4202,-9.5982,68.5,86,8,3.49,1627439945
503,ossora,59.2353,163.0719,63.28,63,100,5.73,1627439946
504,cedar city,37.6775,-113.0619,79.77,35,1,11.5,1627439921
505,margate,51.3813,1.3862,63.3,87,100,4.0,1627439700
506,port moresby,-9.4431,147.1797,87.22,66,75,11.5,1627439682
507,krutikha,53.9599,81.2093,61.29,58,100,1.63,1627439946
508,eregli,37.5133,34.0467,63.36,51,0,7.07,1627439947
509,sakata,38.9167,139.855,71.78,94,75,8.05,1627439947
510,ambon,-3.6954,128.1814,89.74,66,40,5.75,1627439712
